"claim_id","phase","subject","claim_text","provenance","status","url","snippet","date_accessed","used_in"
"C001","0","Research environment","All direct HTTP fetches from this session were refused by the organization egress proxy with 403 to CONNECT, including canada.ca, sec.gov and en.wikipedia.org. Only WebSearch was operable, so no source page was opened and no verbatim page snippet could be captured for any claim in this run.","researcher-derived","Verified","http://127.0.0.1:37535/__agentproxy/status","recentRelayFailures: kind=connect_rejected, detail=gateway answered 403 to CONNECT (policy denial or upstream failure), hosts include www.canada.ca:443, www.sec.gov:443, en.wikipedia.org:443","2026-09-03","00-SCOPE-AND-GROUND-TRUTH.md; OPEN-QUESTIONS.md"
"C002","0","Evidence grade ceiling","Because every source page returned 403, no claim in this run can carry status Verified under the stated rule that Verified requires a live URL and a verbatim snippet. All source-asserted claims below are recorded Unverifiable.","researcher-derived","Verified","http://127.0.0.1:37535/__agentproxy/status","Derived directly from C001 and from the stated evidence rule that paywalled or 403 sources are Unverifiable, not Verified.","2026-09-03","00-SCOPE-AND-GROUND-TRUTH.md; 01-ACQUIRER-CATEGORIES.md; 02-TRANSACTION-COMPS.md"
"C003","0","Attachments","The two attachments named in the task prompt were absent from the repository. Equivalents were located in the user's Google Drive and read: 'Updated - EcoSpex IP Asset Register.xlsx' and the document 'EcoSpex & Acelab Partnership'.","researcher-derived","Verified","(Google Drive connector; file ids 1XB7EbhH1lyfG-4x7rp6e2Sq6HieV1vpj and 1tdXwS42CbQ0mmqDRM8eY8VutBiGBTO6A_xZMdG777jQ)","Repository at session start contained only README.md and a PNG. Drive search returned both documents.","2026-09-03","00-SCOPE-AND-GROUND-TRUTH.md"
"C004","0","Register source of truth","A correction memo dated in-session supersedes the Drive copy of the IP Asset Register and is the sole source of register facts for this analysis. No register file was opened after the memo was received.","researcher-derived","Verified","(in-session correction memo)","Memo instruction: 'Do not read any IP asset register file, from Drive or anywhere else. This memo is the sole source of register facts for this analysis.'","2026-09-03","00-SCOPE-AND-GROUND-TRUTH.md"
"C010","0","IP Asset Register composition","The register records 33 named assets across 38 content rows.","ecospex-asserted","Not Tested","(in-session correction memo)","Memo, corrected register finding 1.","2026-09-03","00-SCOPE-AND-GROUND-TRUTH.md"
"C011","0","IP Asset Register development cost","28 register rows carry a development cost, totalling CAD 2,613,500. The figure is self-reported, undated and carries no evidence pointer.","ecospex-asserted","Not Tested","(in-session correction memo)","Memo, corrected register finding 3.","2026-09-03","00-SCOPE-AND-GROUND-TRUTH.md; 01-ACQUIRER-CATEGORIES.md"
"C012","0","Development cost decomposition","The stated total decomposes approximately as CAD 1,304k attached to a commercial offering, CAD 518k on research into markets never entered, CAD 293k internal operating process, and CAD 500k that is an unspent forward statement of work rather than money spent. Roughly 19 percent of the stated development cost has not been incurred.","ecospex-asserted","Not Tested","(in-session correction memo)","Memo, corrected register finding 3.","2026-09-03","00-SCOPE-AND-GROUND-TRUTH.md"
"C013","0","Register substantiation columns","Dev Period, Chain of Title, Data Provenance, Key Person Dependency, Depends On and Evidence Location are 0 percent filled across all rows. Replication Rationale is filled on 2 of 38 rows.","ecospex-asserted","Not Tested","(in-session correction memo)","Memo, corrected register finding 1.","2026-09-03","00-SCOPE-AND-GROUND-TRUTH.md"
"C014","0","Assert-versus-substantiate pattern","Every register column that asserts a claim is populated and every column that substantiates one is empty.","researcher-derived","Not Tested","(in-session correction memo)","Derived from C011 and C013.","2026-09-03","00-SCOPE-AND-GROUND-TRUTH.md; 01-ACQUIRER-CATEGORIES.md"
"C015","0","PEL","The register records the Premium Environmental Listing as developed in 2014 as a manual offering to manufacturers, and it is the revenue-bearing offering.","ecospex-asserted","Not Tested","(in-session correction memo)","Memo, corrected register finding 2.","2026-09-03","00-SCOPE-AND-GROUND-TRUTH.md; 01-ACQUIRER-CATEGORIES.md"
"C016","0","Asset shape","The audited asset is a human-delivered verification service with a sustained revenue history, supported by software modules that are largely prototype. This changes the acquirer shape from platform buyer to service-and-methodology buyer.","researcher-derived","Not Tested","(in-session correction memo)","Memo, corrected register finding 2.","2026-09-03","00-SCOPE-AND-GROUND-TRUTH.md; 01-ACQUIRER-CATEGORIES.md"
"C017","0","Chain of title","Chain of title is unresolved across the register. A period of third-party access to the IP without a signed agreement sits behind that column.","ecospex-asserted","Not Tested","(in-session correction memo)","Memo, corrected register finding 4.","2026-09-03","00-SCOPE-AND-GROUND-TRUTH.md; OPEN-QUESTIONS.md"
"C018","0","Tier reliability","18 register rows are tagged Tier A. 15 of those carry a Current Stage of Prototype in the same row. Reclassification is underway on the test of whether a third party has paid for the output, and the defensible Tier A count is expected to be 2 or 3, being PEL and GBM.","ecospex-asserted","Not Tested","(in-session correction memo)","Memo, additional audited facts.","2026-09-03","00-SCOPE-AND-GROUND-TRUTH.md"
"C019","0","Founder replication assessment","The founder marked 21 of 38 register rows Low replication difficulty and only 5 High.","ecospex-asserted","Not Tested","(in-session correction memo)","Memo, additional audited facts.","2026-09-03","00-SCOPE-AND-GROUND-TRUTH.md; 01-ACQUIRER-CATEGORIES.md"
"C020","0","Protection type errors","Protection Type is misapplied on 10 register rows, mostly Trademark assigned to methodologies and datasets. One row claims Database Rights, which do not exist as a standalone right in Canada. One row claims Patent Pending with no application reference.","ecospex-asserted","Not Tested","(in-session correction memo)","Memo, additional audited facts.","2026-09-03","00-SCOPE-AND-GROUND-TRUTH.md; OPEN-QUESTIONS.md"
"C021","0","Funder attribution","Register rows cite NRCan and IRAP inconsistently. IRAP is administered by the National Research Council, which is not Natural Resources Canada. No grant-history claim should be built on the register's funding column.","ecospex-asserted","Not Tested","(in-session correction memo)","Memo, additional audited facts.","2026-09-03","00-SCOPE-AND-GROUND-TRUTH.md; OPEN-QUESTIONS.md"
"C022","0","Retired defensibility claims","Two claims appearing in EcoSpex positioning documents have been retired and are excluded from this analysis: that AI cannot recreate the methodology, and that the output is 100 percent accurate.","ecospex-asserted","Not Tested","(in-session correction memo)","Memo, prior research exclusions.","2026-09-03","00-SCOPE-AND-GROUND-TRUTH.md"
"C030","0","ISO 9001 certification","Whether a registered ISO 9001 certificate naming EcoSpex Inc. exists could not be determined from public sources. A web search returned no registrar record and no certificate reference.","source-asserted","Unverifiable","(WebSearch: 'EcoSpex ISO 9001 certified registrar certificate')","Search returned only generic registrar-directory pages and no EcoSpex certificate record. There is no single searchable registry of ISO 9001 certificates, so this null result is Unverifiable and is not evidence that no certificate exists.","2026-09-03","00-SCOPE-AND-GROUND-TRUTH.md; OPEN-QUESTIONS.md"
"C031","0","ISO 9001 framework versus certificate","Internal evidence that a QA framework was modelled on ISO 9001 is not evidence of certification. ISO 9001 certifies an organization's quality management system and is not a product verification credential.","researcher-derived","Not Tested","(definitional)","Held separate from C030 in all prose.","2026-09-03","00-SCOPE-AND-GROUND-TRUTH.md"
"C040","1","EcoSpex corporate","EcoSpex Inc. was incorporated July 2013 and is wholly owned by Blue Wilderness Management Group Inc., a green building sustainability consulting firm founded in 2001 by Julie Scarcella.","ecospex-asserted","Blocked","https://gust.com/companies/ecospex_inc","[BLOCKED: local egress proxy answered 403 to CONNECT. Source page never reached. Text below is search-result summary, not page text.] 'EcoSpex is wholly owned by BW and was incorporated July 2013.'","2026-09-03","00-SCOPE-AND-GROUND-TRUTH.md; OPEN-QUESTIONS.md"
"C041","1","Founder background","EcoSpex states that its founder previously held the position of Managing Director at Building Research Establishment (BRE) Canada and founded the Ontario Sustainable Construction and Resource Centre.","ecospex-asserted","Blocked","https://www.linkedin.com/in/juliescarcella/","[BLOCKED: local egress proxy answered 403 to CONNECT. Source page never reached. Text below is search-result summary, not page text.] Search summary lists 'Managing Director at Building Research Establishment (BRE) Canada' and 'Founder of the Ontario Sustainable Construction and Resource Centre (OSCAR)'.","2026-09-03","01-ACQUIRER-CATEGORIES.md"
"C042","1","IESO subsidy","EcoSpex states that its Premium Verified listings are offered at pilot program pricing at a 60 percent discount to regular pricing due to subsidies from the Independent Electricity System Operator in Ontario.","ecospex-asserted","Blocked","http://www.eco-spex.com/Common/FaqView","[BLOCKED: local egress proxy answered 403 to CONNECT. Source page never reached. Text below is search-result summary, not page text.] Search summary: 'Premium Verified listings offered at pilot program pricing with a 60% discount over regular pricing due to subsidies from the IESO (Independent Electricity System Operator) in Ontario.'","2026-09-03","01-ACQUIRER-CATEGORIES.md"
"C043","1","IRAP project","EcoSpex states that it has run an 'IRAP /NRC Automation of low carbon construction products' project.","ecospex-asserted","Blocked","https://www.ecospex.com/projects","[BLOCKED: local egress proxy answered 403 to CONNECT. Source page never reached. Text below is search-result summary, not page text.] Search summary references an 'IRAP /NRC Automation of low carbon construction products' project on the EcoSpex projects page.","2026-09-03","01-ACQUIRER-CATEGORIES.md; OPEN-QUESTIONS.md"
"C044","1","Pilot-stage language","A search for an independent third-party statement of EcoSpex revenue, customer count or database size returned nothing. No third-party source was found that states any of these figures.","source-asserted","Unverifiable","(WebSearch: 'EcoSpex Inc Canada Premium Environmental Listing Green Building Matrix Julie Scarcella')","Recorded absence. Search surfaced only EcoSpex-owned pages, a Crunchbase profile, a Gust profile and an EquityNet profile. No independent revenue or scale figure was returned.","2026-09-03","01-ACQUIRER-CATEGORIES.md; OPEN-QUESTIONS.md"
"C050","1","mindful MATERIALS CMF","The Common Materials Framework is curated by mindful MATERIALS, a charitable public-benefit organization, and translates the industry's certifications, disclosures and product data into a consistent comparable format.","source-asserted","Blocked","https://www.mindfulmaterials.com/a-common-language","[BLOCKED: local egress proxy answered 403 to CONNECT. Source page never reached. Text below is search-result summary, not page text.] Search summary: CMF 'provides a shared language that facilitates the translation of the industry's diverse range of certifications, disclosures, and product data into a consistent, comparable format.'","2026-09-03","01-ACQUIRER-CATEGORIES.md"
"C051","1","Rating body alignment on CMF","At the 2026 Greenbuild International Conference and Expo, USGBC, IWBI, ILFI, BRE and AIA acknowledged a collective effort to align their rating systems and climate action programs around the Common Materials Framework. CMF is being incorporated into LEED v5, WELL v2 and LBC 5.0.","source-asserted","Blocked","https://www.mindfulmaterials.com/rating-systems-program-partner-relationships","[BLOCKED: local egress proxy answered 403 to CONNECT. Source page never reached. Text below is search-result summary, not page text.] Search summary: 'As announced at the 2026 Greenbuild International Conference & Expo, USGBC, IWBI, ILFI, BRE, and AIA acknowledged a collective effort to align their respective rating systems and climate action programs around the CMF. More platforms and rating systems are incorporating the CMF, including LEED v5, WELL v2, and LBC 5.0.'","2026-09-03","01-ACQUIRER-CATEGORIES.md"
"C052","1","HPDC CMF Data Module","The Health Product Declaration Collaborative planned to launch a CMF Data Module in the HPD builder by early 2026, allowing manufacturers to organize data by the CMF and expose it through HPDC's established APIs.","source-asserted","Blocked","https://www.mindfulmaterials.com/post/mindful-materials-launches-data-ecosystem-report-unveiling-vision-for-a-connected-future-of-sustain","[BLOCKED: local egress proxy answered 403 to CONNECT. Source page never reached. Text below is search-result summary, not page text.] Search summary: 'HPDC will be launching a CMF Data Module in the HPD builder by early 2026 ... organize their data by the CMF, and see this data within workflow tools with HPDC's already established APIs.'","2026-09-03","01-ACQUIRER-CATEGORIES.md"
"C053","1","Commoditization inference","Multi-standard cross-walk between rating systems, the core of the EcoSpex verification matrix, is being standardized as a free, open framework maintained by the rating system owners themselves. This removes the scarcity that would make the mapping logic worth buying.","researcher-derived","Not Tested","(derived from C050, C051, C052, C019)","Inference chain: rating bodies align on CMF; CMF enters LEED v5, WELL v2, LBC 5.0; HPDC ships CMF data module with APIs; founder marks 21 of 38 rows Low replication difficulty.","2026-09-03","01-ACQUIRER-CATEGORIES.md"
"C060","1","EC3 API partners","Autodesk, Bentley, Ecomedes, 2050 Materials, Tangible and cove.tool leverage EC3 EPD data via API. EC3 is described as free and open-access.","source-asserted","Blocked","https://www.buildingtransparency.org/tools/ec3/","[BLOCKED: local egress proxy answered 403 to CONNECT. Source page never reached. Text below is search-result summary, not page text.] Search summary: 'Many of the industry's leading technology providers, including Autodesk, Bentley, Ecomedes, 2050 Materials, Tangible and cove.tool, leverage the EPD data via API.'","2026-09-03","01-ACQUIRER-CATEGORIES.md"
"C061","1","Acelab data sourcing","Acelab's Material Hub integrates embodied carbon data from EC3 and pulls HPD disclosures directly from the Health Product Declaration Collaborative, with sustainability data described as verified at the source.","source-asserted","Blocked","https://www.acelabusa.com/the-material-hub-vision","[BLOCKED: local egress proxy answered 403 to CONNECT. Source page never reached. Text below is search-result summary, not page text.] Search summary: 'sustainability data is verified at the source - HPD disclosures pulled directly from the Health Product Declaration Collaborative and embodied carbon data integrated from EC3.'","2026-09-03","01-ACQUIRER-CATEGORIES.md"
"C062","1","Acelab scale","Acelab's Material Hub is described as tracking over 250,000 products from more than 10,000 brands and monitoring more than 2,000 certifications.","source-asserted","Blocked","https://www.acelabusa.com/the-material-hub-vision","[BLOCKED: local egress proxy answered 403 to CONNECT. Source page never reached. Text below is search-result summary, not page text.] Search summary: 'Material Hub tracks over 250,000 products from 10,000-plus brands and monitors 2,000-plus certifications.'","2026-09-03","01-ACQUIRER-CATEGORIES.md"
"C063","1","Correction to prior brief on Acelab","The July 2026 partnership brief states that Acelab has no verified sustainability data feed and sources EPD data by AI web-scraping plus manual cross-checking. Search evidence dated May 2025 describes Acelab embodied carbon data as integrated from EC3 and HPD disclosures as pulled directly from HPDC, which narrows the gap the brief describes.","researcher-derived","Not Tested","(derived from C061 against the July 2026 brief)","The brief's central wedge claim is weaker than stated. Treated as a correction, not a confirmation.","2026-09-03","00-SCOPE-AND-GROUND-TRUTH.md; 01-ACQUIRER-CATEGORIES.md"
"C064","1","Deltek Specpoint sustainability content","Deltek Specpoint, which hosts AIA MasterSpec, includes sustainability language and requirements for LEED v4.0 and v4.1, CalGreen, Green Globes and the IgCC / ASHRAE 189.1, with ongoing support and updates.","source-asserted","Blocked","https://www.deltek.com/products/delivery-assurance/specpoint/","[BLOCKED: local egress proxy answered 403 to CONNECT. Source page never reached. Text below is search-result summary, not page text.] Search summary: 'The platform includes sustainability language and requirements for LEED v4.0 and v4.1, Calgreen, Green Globes, and the IgCC/Ashrae 189.1, with ongoing support and updates.'","2026-09-03","01-ACQUIRER-CATEGORIES.md"
"C065","1","Sustainable Minds Transparency Catalog","The Transparency Catalog states that it curates every North American building product manufacturer creating EPDs or material ingredient disclosures from every program operator and every disclosure program, currently more than 2,100 manufacturers and industry organizations across 28 MasterFormat divisions.","source-asserted","Blocked","http://www.sustainableminds.com/industry-blog/sustainable-minds-announces-transparency-catalog-v3-0","[BLOCKED: local egress proxy answered 403 to CONNECT. Source page never reached. Text below is search-result summary, not page text.] Search summary: 'more than 2,100 manufacturers and industry organizations in 28 MasterFormat divisions and 1,260 sections' and coverage of 'EVERY building product manufacturer in North America creating EPDs and/or material ingredient disclosures from EVERY program operator'.","2026-09-03","01-ACQUIRER-CATEGORIES.md"
"C066","1","Distribution layer inference","No identified specifier-facing platform has a verification or standards-mapping gap that this asset uniquely closes. The layer is served by EC3 at no cost, by HPDC APIs, by the CMF, by Sustainable Minds' catalogue, and inside Deltek Specpoint natively.","researcher-derived","Not Tested","(derived from C060, C061, C062, C064, C065)","Basis for rejecting the specifier-platform and LCA-software seed hypotheses as acquirer categories.","2026-09-03","01-ACQUIRER-CATEGORIES.md"
"C070","1","Ecomedes gap filled","Ecomedes announced a partnership with WAP Sustainability on 22 June 2026 under which manufacturers publish structured EPD data into the Ecomedes platform via API using the OpenEPD Database.","source-asserted","Blocked","https://wapsustainability.com/2026/06/22/ecomedes-wap-sustainability-partnership/","[BLOCKED: local egress proxy answered 403 to CONNECT. Source page never reached. Text below is search-result summary, not page text.] Search summary: 'Ecomedes announced a formal partnership with WAP Sustainability ... on June 22, 2026. Through this partnership, manufacturers can publish structured, manufacturer-reported EPD data directly into the ecomedes platform via API connectivity, using the OpenEPD Database.'","2026-09-03","01-ACQUIRER-CATEGORIES.md"
"C071","1","Ecomedes timing verdict","Ecomedes is a poorly timed acquirer. Its verified-data gap was filled in June 2026, three months before this analysis.","researcher-derived","Not Tested","(derived from C070)","Applies the timing inversion at category level.","2026-09-03","01-ACQUIRER-CATEGORIES.md"
"C072","1","Ecomedes revenue estimate","Latka reports Ecomedes revenue of USD 10M in October 2024 with a 23 person team, and USD 6.4M in December 2023. These are third-party aggregator estimates, not reported financials.","source-asserted","Blocked","https://getlatka.com/companies/ecomedes","[BLOCKED: local egress proxy answered 403 to CONNECT. Source page never reached. Text below is search-result summary, not page text.] Search summary: 'How Ecomedes hit $10M revenue with a 23 person team in 2024.' Labelled an estimate at every appearance.","2026-09-03","01-ACQUIRER-CATEGORIES.md"
"C073","1","Ecomedes funding","Ecomedes received USD 1.5M seed funding from Saint-Gobain NOVA External Ventures and PivotNorth Capital in September 2020, and completed USD 3.25M in seed financing led by M12, Microsoft's venture fund, in March 2021, with participation from NOVA by Saint-Gobain and others. Crunchbase-derived totals are estimates.","source-asserted","Blocked","https://www.crunchbase.com/organization/ecomedes","[BLOCKED: local egress proxy answered 403 to CONNECT. Source page never reached. Text below is search-result summary, not page text.] Search summary reports the $1.5M NOVA/PivotNorth seed and a $3.25M seed led by M12 with NOVA participation.","2026-09-03","01-ACQUIRER-CATEGORIES.md"
"C074","1","Sphera gap filled","Sphera announced the acquisition of SupplyShift on 9 January 2024.","source-asserted","Blocked","https://sphera.com/company/news/sphera-acquires-supplyshift/","[BLOCKED: local egress proxy answered 403 to CONNECT. Source page never reached. Text below is search-result summary, not page text.] Search summary: 'On January 9, 2024, Sphera ... announced that it acquired SupplyShift, a supply chain sustainability software company.'","2026-09-03","01-ACQUIRER-CATEGORIES.md; 02-TRANSACTION-COMPS.md"
"C075","1","Assent gap filled","Assent, headquartered in Ottawa, completed the acquisition of iPoint of Reutlingen, Germany, announced 10 July 2026. It is described as the first acquisition in the company's history and adds lifecycle assessment, product carbon footprint and product stewardship.","source-asserted","Blocked","https://www.bnnbloomberg.ca/press-releases/2026/07/10/assent-acquires-ipoint-uniting-ai-powered-compliance-and-product-intelligence/","[BLOCKED: local egress proxy answered 403 to CONNECT. Source page never reached. Text below is search-result summary, not page text.] Search summary: 'The acquisition, the first in company history ... IPOINT is a product compliance and sustainability software provider with expertise in the automotive industry, lifecycle assessment (LCA) and product stewardship.'","2026-09-03","01-ACQUIRER-CATEGORIES.md; 02-TRANSACTION-COMPS.md"
"C076","1","Cority gap filled","Cority, headquartered in Toronto, acquired WeSustain in April 2021, Reporting 21 in September 2022 and Greenstone in May 2023.","source-asserted","Blocked","https://www.cority.com/news-media/wesustain/","[BLOCKED: local egress proxy answered 403 to CONNECT. Source page never reached. Text below is search-result summary, not page text.] Search summary: 'Cority acquired WeSustain on April 30, 2021 ... Reporting 21 ... announced in September 2022 ... the third acquisition being Greenstone in May 2023.'","2026-09-03","01-ACQUIRER-CATEGORIES.md; 02-TRANSACTION-COMPS.md"
"C077","1","Autodesk EC3 integration","Building Transparency publishes documentation for an EC3 integration with Autodesk Construction Cloud.","source-asserted","Blocked","https://docs.buildingtransparency.org/ec3/integrations/autodesk-construction-cloud","[BLOCKED: local egress proxy answered 403 to CONNECT. Source page never reached. Text below is search-result summary, not page text.] Search result title: 'Autodesk Construction Cloud | Building Transparency Documentation'.","2026-09-03","01-ACQUIRER-CATEGORIES.md"
"C080","1","LEED v5 mandatory date","LEED v4 and v4.1 stop accepting new registrations on 30 June 2026, so every project registering on or after 1 July 2026 uses LEED v5. LEED v5 makes quantification of embodied carbon a mandatory prerequisite applying to all projects.","source-asserted","Blocked","https://epd.guide/environmental-regulations-and-laws/leed-v5-becomes-mandatory-on-july-1-2026","[BLOCKED: local egress proxy answered 403 to CONNECT. Source page never reached. Text below is search-result summary, not page text.] Search summary: 'LEED v4 and v4.1 stop accepting new registrations on June 30, 2026 ... For the first time, measuring embodied carbon is a mandatory prerequisite.'","2026-09-03","01-ACQUIRER-CATEGORIES.md"
"C081","1","Canada embodied carbon standard","Canada's Standard on Embodied Carbon in Construction, under the Treasury Board Policy on Green Procurement, came into force 31 December 2022 for ready-mixed concrete on federal construction projects valued at CAD 5 million or more using 100 cubic metres or more, requiring at least a 10 percent embodied carbon reduction against the regional industry average. Requirements for structural and reinforcing steel and for whole-building life cycle assessment came into force 1 September 2025.","source-asserted","Blocked","https://netzerocompare.com/policies/canada-standard-on-embodied-carbon-in-construction","[BLOCKED: local egress proxy answered 403 to CONNECT. Source page never reached. Text below is search-result summary, not page text.] Search summary carries both the 31 December 2022 concrete threshold and the 1 September 2025 steel and whole-building LCA expansion.","2026-09-03","01-ACQUIRER-CATEGORIES.md"
"C082","1","CAGBC regional compliance paths","CAGBC is proposing Canadian Regional Alternative Compliance Paths to USGBC for inclusion in LEED v5, with further Canadian RACPs expected through 2026.","source-asserted","Blocked","https://www.cagbc.org/news-resources/technical-documents/leed-v5-resources/","[BLOCKED: local egress proxy answered 403 to CONNECT. Source page never reached. Text below is search-result summary, not page text.] Search summary: 'Other Canadian regional ACPs are expected to be released throughout 2026.'","2026-09-03","01-ACQUIRER-CATEGORIES.md"
"C090","1","Intertek capability","Intertek operates a Building Products Environmental Certification Program under which it tests selected sustainable attributes such as recycled content, solar reflectance, emissions and energy efficiency, third-party validates the claims, and then runs unannounced quarterly plant inspections.","source-asserted","Blocked","https://www.intertek.com/building/certification/environmental/","[BLOCKED: local egress proxy answered 403 to CONNECT. Source page never reached. Text below is search-result summary, not page text.] Search summary quotes the programme scope and the 'routine program of unannounced, quarterly plant inspections'.","2026-09-03","01-ACQUIRER-CATEGORIES.md"
"C091","1","NSF capability","NSF is a North American EPD Program Operator with more than 11,000 active EPD IDs across more than 40 Product Category Rules. As a Program Operator it verifies an externally produced LCA against ISO 14025 and the applicable PCR and hosts the final EPD.","source-asserted","Blocked","https://www.nsf.org/knowledge-library/nsf-trusted-pcr-lca-epd-program-operator","[BLOCKED: local egress proxy answered 403 to CONNECT. Source page never reached. Text below is search-result summary, not page text.] Search summary: 'more than 11,000 active EPD IDs spanning over 40 distinct Product Category Rules.'","2026-09-03","01-ACQUIRER-CATEGORIES.md"
"C092","1","Common EPD programme operators","UL, ASTM International, SCS Global Services and NSF International are described as the most common EPD program operators.","source-asserted","Blocked","https://epd.guide/epd-program-operators-untangled/epd-program-operators-explained-for-manufacturers","[BLOCKED: local egress proxy answered 403 to CONNECT. Source page never reached. Text below is search-result summary, not page text.] Search summary: 'UL, ASTM International, SCS Global Services, and NSF International are the most common program operators.'","2026-09-03","01-ACQUIRER-CATEGORIES.md"
"C093","1","SGS, Kiwa, TUV capability","SGS, Kiwa and TUV Rheinland each publish EPD and life cycle assessment service lines covering ISO 14025 preparation, verification and publication, with SGS explicitly supporting LEED and BREEAM.","source-asserted","Blocked","https://www.sgs.com/en-us/services/ecodesign-lca-epd-and-circular-economy-certification","[BLOCKED: local egress proxy answered 403 to CONNECT. Source page never reached. Text below is search-result summary, not page text.] Search summary covers SGS Ecodesign/LCA/EPD, Kiwa EPD certification, and TUV Rheinland LCA and EPD preparation.","2026-09-03","01-ACQUIRER-CATEGORIES.md"
"C094","1","TIC capability-gap inference","The major TIC firms do not have a capability gap in green building product verification. They have the capability at scale. The realistic TIC interest in this asset is delivery capacity, manufacturer accounts and Canadian geography, not capability acquisition.","researcher-derived","Not Tested","(derived from C090, C091, C092, C093)","Reframes the strongest seed hypothesis: right category, wrong reason.","2026-09-03","01-ACQUIRER-CATEGORIES.md"
"C100","1","CSA Group EPD position","CSA Group is an independent not-for-profit membership association providing global product testing and certification, operates an EPD program, issued a first Environmental Product Declaration for the Cement Association of Canada, and operates a Sustainability Mark.","source-asserted","Blocked","https://www.csagroup.org/testing-certification/marks-labels/sustainability-mark/","[BLOCKED: local egress proxy answered 403 to CONNECT. Source page never reached. Text below is search-result summary, not page text.] Search summary covers the CSA Sustainability Mark and the Cement Association of Canada EPD.","2026-09-03","01-ACQUIRER-CATEGORIES.md"
"C101","1","CSA Group and CAGBC alliance","CSA Group and the Canada Green Building Council announced an alliance to support LEED v4 and CSA Group's Environmental Product Declaration program.","source-asserted","Blocked","https://www.csagroup.org/news/csa-group-and-canada-green-building-council-form-alliance-2/","[BLOCKED: local egress proxy answered 403 to CONNECT. Source page never reached. Text below is search-result summary, not page text.] Search summary: 'CSA Group and Canada Green Building Council announced an alliance to support LEED v4 and CSA Group's Environmental Product Declaration (EPD) program.'","2026-09-03","01-ACQUIRER-CATEGORIES.md"
"C102","1","Athena Institute","The Athena Sustainable Materials Institute is an Ottawa-based non-profit research collaborative bringing life cycle assessment to the construction sector, and works with NSF and CSA Group as program operators rather than operating a programme itself.","source-asserted","Blocked","https://www.athenasmi.org/what-we-do/epd-and-ebd-services/","[BLOCKED: local egress proxy answered 403 to CONNECT. Source page never reached. Text below is search-result summary, not page text.] Search summary: Athena 'has relationships with all major North American program operators'; located at 280 Albert St, Ottawa.","2026-09-03","01-ACQUIRER-CATEGORIES.md"
"C103","1","Assent scale","Assent is headquartered in Ottawa and raised USD 350M from Vista Equity Partners for supply chain data management.","source-asserted","Blocked","https://techcrunch.com/?p=2254258","[BLOCKED: local egress proxy answered 403 to CONNECT. Source page never reached. Text below is search-result summary, not page text.] Search summary: 'Canada's Assent Compliance lands $350M from Vista Equity for supply chain data management.'","2026-09-03","01-ACQUIRER-CATEGORIES.md"
"C200","2","SLR / WAP Sustainability","SLR International Corporation acquired WAP Sustainability, LLC effective 13 January 2026. WAP was founded in 2009 in Nashville by William Paddock and Brad McAllister and had close to 100 employees. Focus areas include life cycle assessment, environmental product declarations, carbon accounting and ESG advisory. No deal value was disclosed in the sources returned.","source-asserted","Blocked","https://www.slrconsulting.com/us/news/slr-acquires-wap-sustainability/","[BLOCKED: local egress proxy answered 403 to CONNECT. Source page never reached. Text below is search-result summary, not page text.] Search summary: 'SLR International Corporation (SLR) acquired WAP Sustainability, LLC, effective January 13, 2026 ... brings nearly 100 WAP employees.'","2026-09-03","02-TRANSACTION-COMPS.md"
"C201","2","Once For All / 2050 Materials","Once For All Group acquired 2050 Materials. The acquisition was completed in November 2025. No deal value appeared in the sources returned.","source-asserted","Blocked","https://onceforall.com/once-for-all-group-acquires-2050-materials/","[BLOCKED: local egress proxy answered 403 to CONNECT. Source page never reached. Text below is search-result summary, not page text.] Search summary: 'Once For All Group announced the acquisition of 2050 Materials ... The acquisition was completed in November 2025.'","2026-09-03","02-TRANSACTION-COMPS.md"
"C202","2","Bureau Veritas / Aligned Incentives","Bureau Veritas announced the acquisition of Aligned Incentives on 23 October 2024. Aligned Incentives is headquartered in Middleton, Massachusetts and delivered EUR 3.5 million revenue in 2023. It was described as Bureau Veritas' first investment in AI-powered solutions for product life cycle assessment. No deal value appeared in the sources returned.","source-asserted","Blocked","https://group.bureauveritas.com/newsroom/bureau-veritas-acquires-aligned-incentives-enterprise-sustainability-planning-pioneer","[BLOCKED: local egress proxy answered 403 to CONNECT. Source page never reached. Text below is search-result summary, not page text.] Search summary: 'announced on October 23, 2024 ... headquartered in Middleton, Massachusetts, and delivered EUR 3.5 million revenue in 2023.'","2026-09-03","02-TRANSACTION-COMPS.md"
"C203","2","WAP / Coldstream Consulting","WAP Sustainability acquired Coldstream Consulting of Revelstoke, British Columbia, announced 20 December 2022. The stated rationale was a Canadian presence through Coldstream's long-standing relationship with the Athena Sustainable Materials Institute, industry experience in concrete, wood and other building products, and positioning for GSA and Federal Buy Clean EPD requirements. No deal value appeared in the sources returned.","source-asserted","Blocked","https://wapsustainability.com/2022/12/20/wap-sustainability-announces-the-acquisition-of-coldstream-consulting/","[BLOCKED: local egress proxy answered 403 to CONNECT. Source page never reached. Text below is search-result summary, not page text.] Search summary: 'provides WAP Sustainability a Canadian presence through Coldstream's long-standing relationship with the Athena Sustainable Materials Institute.'","2026-09-03","02-TRANSACTION-COMPS.md"
"C204","2","WAP / Trisight Engineering","WAP Sustainability acquired Trisight Engineering in September 2022, described as a leader in life cycle assessments for the asphalt and construction products industries. No deal value appeared in the sources returned.","source-asserted","Blocked","https://wapsustainability.com/2022/09/26/wap-sustainability-expands-lca-epd-capabilities-with-purchase-of-trisight-engineering/","[BLOCKED: local egress proxy answered 403 to CONNECT. Source page never reached. Text below is search-result summary, not page text.] Search summary: 'WAP Sustainability's second LCA acquisition of 2022, with the company previously purchasing Trisight Engineering in September.'","2026-09-03","02-TRANSACTION-COMPS.md"
"C205","2","Intertek / SAI Global Assurance","Intertek announced the acquisition of SAI Global Assurance on 13 May 2021 for cash consideration of AUD 855 million on a cash-free and debt-free basis, completing 8 September 2021. SAI Global Assurance was founded in 2003, headquartered in Australia, with scale positions in the US, Canada and the UK.","source-asserted","Blocked","https://www.intertek.com/news/2021/05-13-intertek-acquires-sai-global-assurance/","[BLOCKED: local egress proxy answered 403 to CONNECT. Source page never reached. Text below is search-result summary, not page text.] Search summary: 'Intertek acquired SAI Global Assurance for cash consideration of A$855m on a cash-free and debt-free basis ... completed on September 8, 2021.'","2026-09-03","02-TRANSACTION-COMPS.md"
"C206","2","UL Solutions / Healthy Buildings International","UL Solutions acquired Healthy Buildings International, a United Kingdom-based health, safety and compliance company, in July 2023 for approximately USD 6 million. The target was founded in 1992 and provides advisory and software-related building safety services.","source-asserted","Blocked","https://bebeez.eu/2023/07/10/ul-solutions-acquires-healthy-buildings-international/","[BLOCKED: local egress proxy answered 403 to CONNECT. Source page never reached. Text below is search-result summary, not page text.] Search summary: 'In July 2023, UL Solutions acquired Healthy Buildings International ... for approximately $6 million.'","2026-09-03","02-TRANSACTION-COMPS.md"
"C207","2","Anguleris / Concora Spec","Anguleris completed the acquisition of Concora Spec, the product specification platform formerly known as SmartBIM, announced February 2025. It was the third in a string of Anguleris acquisitions after Modlar in 2023 and ClubDesign in 2024. No deal value appeared in the sources returned.","source-asserted","Blocked","https://anguleris.com/news/Anguleris-Acquires-Concora-Extending-Leadership-in-BIM-Technology-for-Building-Product-Manufacturers","[BLOCKED: local egress proxy answered 403 to CONNECT. Source page never reached. Text below is search-result summary, not page text.] Search summary: 'the third in a string of acquisitions for Anguleris, which acquired the architectural inspiration platform Modlar in 2023, followed by the material sampling platform ClubDesign in 2024.'","2026-09-03","02-TRANSACTION-COMPS.md"
"C208","2","Material Bank / Amber Engine","Material Bank announced the acquisition of Amber Engine, a product information management software company based in Detroit, on 17 March 2022. Amber Engine remained a distinct platform within Material Bank. No deal value appeared in the sources returned.","source-asserted","Blocked","https://www.globenewswire.com/en/news-release/2022/03/17/2405567/0/en/Material-Bank-Acquires-Product-Data-Technology-Company-Amber-Engine.html","[BLOCKED: local egress proxy answered 403 to CONNECT. Source page never reached. Text below is search-result summary, not page text.] Search summary: announcement dated 17 March 2022; 'Amber Engine, based in Detroit, MI, remained a distinct platform within Material Bank.'","2026-09-03","02-TRANSACTION-COMPS.md"
"C209","2","Ecomedes / Mortarr","Ecomedes acquired Mortarr, a commercial construction and design search and discovery engine, announced 25 April 2022. No deal value appeared in the sources returned.","source-asserted","Blocked","https://www.prweb.com/releases/ecomedes-acquires-leading-commercial-design-discovery-platform-mortarr-810335290.html","[BLOCKED: local egress proxy answered 403 to CONNECT. Source page never reached. Text below is search-result summary, not page text.] Search summary: 'The acquisition was announced on April 25, 2022.'","2026-09-03","02-TRANSACTION-COMPS.md"
"C210","2","Schneider Electric / EcoAct","Schneider Electric finalised the acquisition of EcoAct, a Paris-based climate consultancy, on 2 November 2023, for an undisclosed sum. EcoAct employed around 400 people and generated EUR 70 million revenue in its last year under Atos ownership.","source-asserted","Blocked","https://www.esgtoday.com/schneider-electric-acquires-climate-consultancy-ecoact/","[BLOCKED: local egress proxy answered 403 to CONNECT. Source page never reached. Text below is search-result summary, not page text.] Search summary: 'The acquisition was finalized on November 2, 2023 ... for an undisclosed sum ... EcoAct employed 400 people and generated EUR 70m in revenue.'","2026-09-03","02-TRANSACTION-COMPS.md"
"C211","2","One Click LCA / ENVI-met","One Click LCA announced the acquisition of ENVI-met, a microclimate simulation software company, in September 2024. No deal value appeared in the sources returned.","source-asserted","Blocked","https://oneclicklca.com/en/resources/press-release/one-click-lca-acquires-envi-met-to-lead-in-urban-climate-resilience-solutions","[BLOCKED: local egress proxy answered 403 to CONNECT. Source page never reached. Text below is search-result summary, not page text.] Search summary: 'In September 2024, One Click LCA announced its acquisition of ENVI-met.'","2026-09-03","02-TRANSACTION-COMPS.md"
"C212","2","Arcadis / IBI Group","Arcadis acquired IBI Group of Canada in 2022, at CAD 19.50 per share, an aggregate consideration of approximately CAD 873 million, a 30 percent premium to the 15 July 2022 share price. IBI employed more than 3,500 people.","source-asserted","Blocked","https://www.arcadis.com/en-us/news/global/2022/9/arcadis-completes-the-acquisition-of-ibi-group","[BLOCKED: local egress proxy answered 403 to CONNECT. Source page never reached. Text below is search-result summary, not page text.] Search summary: 'C$19.50 per share, representing a premium of 30% ... aggregate consideration of approximately C$873 million.'","2026-09-03","02-TRANSACTION-COMPS.md"
"C213","2","Verisk / 3E divestment","Verisk announced the sale of its 3E business to New Mountain Capital in January 2022 for USD 630 million cash at closing, up to USD 50 million of earnout payments based on 2023 and 2024 performance, and up to USD 270 million of additional deferred payments, a potential aggregate of up to USD 950 million. Verisk had acquired 3E in 2010 for USD 107 million.","source-asserted","Blocked","https://www.verisk.com/company/newsroom/verisk-announces-sale-of-3e-business-to-new-mountain-capital/","[BLOCKED: local egress proxy answered 403 to CONNECT. Source page never reached. Text below is search-result summary, not page text.] Search summary carries the $630M cash, up to $50M earnout, up to $270M deferred, and up to $950M aggregate figures.","2026-09-03","02-TRANSACTION-COMPS.md"
"C214","2","Deal structure disclosure","A search across the twelve core comparables returned no public statement of deal structure (asset purchase, share purchase, acqui-hire or earnout) for any of the small private targets. Structure was visible only where the target was a listed company or where an earnout was disclosed in a public-company filing.","source-asserted","Blocked","(WebSearch across the twelve comparable transactions listed in 02-TRANSACTION-COMPS.md)","Recorded absence. The asset-versus-share question cannot be answered from these comparables.","2026-09-03","02-TRANSACTION-COMPS.md; OPEN-QUESTIONS.md"
"C215","2","Small-deal value disclosure","Of the twelve core comparables, deal value is disclosed in three: Intertek / SAI Global Assurance at AUD 855 million, UL Solutions / Healthy Buildings International at approximately USD 6 million, and Arcadis / IBI Group at approximately CAD 873 million. Every transaction involving a small private LCA, EPD or building product data target was undisclosed.","researcher-derived","Not Tested","(derived from C200 to C213)","Basis for the finding that no public comparable prices an asset at EcoSpex's scale.","2026-09-03","02-TRANSACTION-COMPS.md"
"C216","2","Serial acquirer pattern","The recurring counterparty shape in this space is a serial small-cap acquirer rather than a one-off strategic buyer. WAP completed two LCA acquisitions in 2022 and was itself acquired in 2026. Anguleris completed three acquisitions across 2023 to 2025. Cority completed three sustainability acquisitions across 2021 to 2023.","researcher-derived","Not Tested","(derived from C203, C204, C207, C076, C200)","Directs the Phase 3 candidate list toward proven repeat buyers.","2026-09-03","02-TRANSACTION-COMPS.md"
"C217","2","What buyers pay for","Across the comparables, the stated rationale is delivery capacity, client relationships, geography, and accredited or program-operator standing. No comparable states that a dataset or a mapping methodology was the object of the purchase.","researcher-derived","Not Tested","(derived from C200 to C213)","Basis for the Phase 1 reframe from data asset to service-and-relationships tuck-in.","2026-09-03","02-TRANSACTION-COMPS.md; 01-ACQUIRER-CATEGORIES.md"
"C300","1","Green Badger transaction","A search for an acquisition of Green Badger, a LEED documentation software vendor, returned no acquisition record.","source-asserted","Unverifiable","(WebSearch: '""Green Badger"" acquired acquisition LEED documentation software')","Recorded absence. Search returned only vendor marketing pages and no transaction announcement.","2026-09-03","02-TRANSACTION-COMPS.md"
"C301","1","EPD programme operator transactions","A search for acquisitions of EPD programme operators by or of SCS Global Services and ASTM International in 2024 and 2025 returned no transaction.","source-asserted","Unverifiable","(WebSearch: '""program operator"" EPD acquisition acquired 2024 2025 SCS Global Services ASTM')","Recorded absence. Programme operator status appears not to trade in this window.","2026-09-03","01-ACQUIRER-CATEGORIES.md; 02-TRANSACTION-COMPS.md"
"C302","1","One Click LCA and EPD Hub","A search for a One Click LCA acquisition of EPD Hub returned no transaction. The relationship visible in public sources is product category rule alignment, not ownership.","source-asserted","Unverifiable","(WebSearch: 'One Click LCA acquisition EPD Hub 2024 2025')","Recorded absence. Corrects a plausible but unfounded assumption.","2026-09-03","02-TRANSACTION-COMPS.md"
"C303","1","Acelab EC3 API partner listing","Acelab does not appear in the Building Transparency list of technology providers leveraging EC3 EPD data via API that was returned by search, which named Autodesk, Bentley, Ecomedes, 2050 Materials, Tangible and cove.tool. Acelab's own material describes embodied carbon data integrated from EC3, so the absence from that list is not evidence of absent integration.","source-asserted","Blocked","https://www.buildingtransparency.org/tools/ec3/","Recorded absence, qualified. Held in tension with C061 rather than resolved.","2026-09-03","01-ACQUIRER-CATEGORIES.md; OPEN-QUESTIONS.md"
"C304","1","Anguleris sustainability data strategy","A search for an Anguleris EPD or sustainability data acquisition strategy returned nothing. Anguleris' published sustainability positioning concerns sample waste reduction under its Second Life Samples programme, not product environmental data.","source-asserted","Unverifiable","(WebSearch: 'Anguleris BIMsmith Swatchbox sustainability EPD data acquisition strategy 2026')","Recorded absence. Distinguishes a proven serial acquirer with no stated demand for this capability.","2026-09-03","01-ACQUIRER-CATEGORIES.md"
"C305","1","EcoSpex patent filing","No patent application reference for EcoSpex was located. The register's Patent Pending row carries no application reference and filing status is unconfirmed.","ecospex-asserted","Unverifiable","(in-session correction memo; no public filing search returned a record)","Recorded absence combined with the memo instruction to treat this as an open question, not an asset.","2026-09-03","00-SCOPE-AND-GROUND-TRUTH.md; OPEN-QUESTIONS.md"
"C400","1","CMF in LEED v5, independent corroboration","BuildingGreen, a trade publication independent of mindful MATERIALS, describes LEED v5 as assigning products a score based on a matrix modelled on the Common Materials Framework, and states that LEED v5 BD+C reconceives the previous multi-attribute assessment by leveraging the CMF, consolidating EPD, responsible sourcing and material health credits into a unified Building Product Selection and Procurement credit.","source-asserted","Blocked","https://www.buildinggreen.com/blog/leed-v5-catching-decarbonization-equity-and-resilience","[BLOCKED: local egress proxy answered 403 to CONNECT. Source page never reached. Text below is search-result summary, not page text.] 'Products are assigned a score based on a matrix modeled on Mindful Materials' Common Materials Framework' and 'LEED v5 BD+C reconceives of the last version's multi-attribute assessment by leveraging the CMF.'","2026-09-03","00-SCOPE-AND-GROUND-TRUTH.md; 01-ACQUIRER-CATEGORIES.md"
"C401","1","CMF collaboration predates 2026","The AIA, ILFI, IWBI, USGBC and mindful MATERIALS collaboration to advance CMF adoption within rating systems was announced in 2023. The 2026 Greenbuild statement is an expansion of that programme rather than a first announcement.","source-asserted","Blocked","https://workinmind.org/2023/11/23/common-materials-framework-championed-industry-figureheads/","[BLOCKED: local egress proxy answered 403 to CONNECT. Source page never reached. Text below is search-result summary, not page text.] 'In 2023, a radical collaboration was announced to scale industry action around the use of sustainable building products, with AIA, ILFI, IWBI, USGBC and mindful MATERIALS working on advancing the adoption of the Common Materials Framework within key building rating systems.'","2026-09-03","00-SCOPE-AND-GROUND-TRUTH.md; 01-ACQUIRER-CATEGORIES.md"
"C402","1","CMF Portal is powered by Ecomedes","HPD Collaborative states that it digitally connects HPD Open Standard compliant data from more than 700 manufacturers across more than 10,000 published HPD reports with the CMF Portal, powered by Ecomedes, Inc.","source-asserted","Blocked","https://www.hpd-collaborative.org/hpd-collaborative-supports-mindful-materials-common-materials-framework-new-digital-portal/","[BLOCKED: local egress proxy answered 403 to CONNECT. Source page never reached. Text below is search-result summary, not page text.] 'HPD Collaborative supports the Common Materials Framework by digitally connecting HPD Open Standard compliant data from over 700 manufacturers in 10,000+ published HPD reports with the CMF Portal powered by Ecomedes, Inc.'","2026-09-03","00-SCOPE-AND-GROUND-TRUTH.md; 01-ACQUIRER-CATEGORIES.md"
"C403","1","HPD Open Standard v3.0 shipped","HPD Builder is the web application for creating and publishing Health Product Declarations in compliance with HPD Open Standard Version 3.0, effective 29 September 2025.","source-asserted","Blocked","https://www.hpd-collaborative.org/hpd-builder/","[BLOCKED: local egress proxy answered 403 to CONNECT. Source page never reached. Text below is search-result summary, not page text.] 'HPD Open Standard Version 3.0, which became effective as of September 29, 2025.'","2026-09-03","00-SCOPE-AND-GROUND-TRUTH.md"
"C404","1","HPDC CMF Data Module claim not corroborated","A targeted search for the HPDC CMF Data Module in the HPD Builder, previously recorded at C052 as planned for early 2026, returned no launch or ship confirmation. The corroborated fact is instead the CMF Portal powered by Ecomedes. C052 is downgraded and is not relied on.","source-asserted","Unverifiable","(WebSearch: 'HPD Collaborative ""CMF Data Module"" HPD Builder launch shipped 2026')","Recorded absence against a claim this analysis previously carried. The Finding 1 chain does not rest on it.","2026-09-03","00-SCOPE-AND-GROUND-TRUTH.md; OPEN-QUESTIONS.md"
"C405","1","Finding 1 verification verdict","The commoditization finding holds on its load-bearing leg and loses one supporting leg. CMF is inside the LEED v5 credit structure per an independent trade source, the programme dates from 2023 rather than 2026, and LEED v5 is mandatory for new registrations from 1 July 2026. The HPDC data module leg is withdrawn. The finding is not announcement-stage.","researcher-derived","Not Tested","(derived from C400, C401, C404, C080)","Amendment 1 resolution. Re-tested by widening to independent sources because the egress proxy still refuses all hosts.","2026-09-03","00-SCOPE-AND-GROUND-TRUTH.md; 01-ACQUIRER-CATEGORIES.md"
"C406","1","Egress still blocked at re-test","A re-probe of mindfulmaterials.com, usgbc.org and hpd-collaborative.org on 3 September 2026 returned no connection. Reading the CMF sources at source was not possible.","researcher-derived","Verified","http://127.0.0.1:37535/__agentproxy/status","curl returned 000 for all three hosts, consistent with the recorded connect_rejected 403 policy denials.","2026-09-03","00-SCOPE-AND-GROUND-TRUTH.md; OPEN-QUESTIONS.md"
"C410","0","Account base is pipeline, not contracted","Cairnline states that the 60 plus accounts are pipeline rather than contracted revenue, and that the IRAP tranche is gated on producing three to five repeatable closes.","researcher-derived","Not Tested","(Cairnline amendment, 3 September 2026)","Supplied by the engagement owner as a correction to Q1. Recorded as a principal-supplied fact, not independently tested.","2026-09-03","00-SCOPE-AND-GROUND-TRUTH.md; 01-ACQUIRER-CATEGORIES.md; OPEN-QUESTIONS.md"
"C411","0","IRAP gate inference","A funding tranche gated on producing three to five repeatable closes is only a gate if those closes have not yet occurred. This is consistent with the account base being pipeline.","researcher-derived","Not Tested","(derived from C410)","Inference stated so it can be contradicted if closes have in fact occurred.","2026-09-03","00-SCOPE-AND-GROUND-TRUTH.md"
"C412","0","PEL revenue is the deciding question","The question that decides the mandate is PEL trailing 24 month revenue, the share of it contracted forward, the assignability of those agreements on change of control, and the share that was subsidised.","researcher-derived","Not Tested","(derived from C410, C042, C015)","Reframed one level down from the pipeline question. The subsidy component is added because EcoSpex states its listings carry a 60 percent IESO-funded discount, so trailing revenue is not evidence of willingness to pay at list.","2026-09-03","00-SCOPE-AND-GROUND-TRUTH.md; OPEN-QUESTIONS.md"
"C420","0","Delivery capacity is two people","Cairnline states that EcoSpex's delivery capacity is two people, Julie and James.","researcher-derived","Not Tested","(Cairnline amendment, 3 September 2026)","Supplied by the engagement owner. Compare comparables: WAP close to 100 employees, EcoAct approximately 400.","2026-09-03","00-SCOPE-AND-GROUND-TRUTH.md; 01-ACQUIRER-CATEGORIES.md"
"C421","0","Key person and technical contributor","Cairnline states that James is the core technical contributor and has an unresolved payment dispute, and that the sale object is effectively an acqui-hire requiring the founder personally to transfer and stay.","researcher-derived","Not Tested","(Cairnline amendment, 3 September 2026)","Supplied by the engagement owner.","2026-09-03","00-SCOPE-AND-GROUND-TRUTH.md; OPEN-QUESTIONS.md"
"C422","0","Dispute and chain of title are one risk","The unresolved payment dispute with the core technical contributor and the absence of any chain of title record are a single ownership risk, not two separate issues. A contributor who is owed money and has no signed IP assignment is a motivated counterparty with a colourable ownership position over the technical assets.","researcher-derived","Not Tested","(derived from C017, C013, C421)","Highest-severity item in the file. Survives both deal shapes.","2026-09-03","00-SCOPE-AND-GROUND-TRUTH.md; OPEN-QUESTIONS.md"
"C423","0","Tuck-in framing does not survive two FTE","No transaction in the comparable set involved a two-person target. The smallest disclosed value found was approximately USD 6 million for Healthy Buildings International, a business founded in 1992. At two FTE the object of a transaction is a founder retention package plus a dataset, brand and account relationships, not billable delivery capacity.","researcher-derived","Not Tested","(derived from C420, C200, C206, C210, C217)","Constrains categories A and B materially. Written before the PEL revenue answer is known.","2026-09-03","00-SCOPE-AND-GROUND-TRUTH.md; 01-ACQUIRER-CATEGORIES.md"
"C430","0","Status vocabulary amended","A fourth status, Blocked, is added and is scoped to sources this session's own egress proxy refused. Unverifiable is now scoped to remote refusals and to searches that ran and returned nothing. The distinction prevents a tooling limit being read as a finding about a target.","researcher-derived","Verified","(Cairnline amendment, 3 September 2026)","53 rows previously Unverifiable were re-graded: proxy-blocked rows to Blocked, null-search findings retained as Unverifiable.","2026-09-03","00-SCOPE-AND-GROUND-TRUTH.md; ledger/claims.csv"
